-- MySQL dump 10.13  Distrib 8.0.19, for Win64 (x86_64)
--
-- Host: localhost    Database: teste
-- ------------------------------------------------------
-- Server version	8.0.19

/*!40101 SET @OLD_CHARACTER_SET_CLIENT=@@CHARACTER_SET_CLIENT */;
/*!40101 SET @OLD_CHARACTER_SET_RESULTS=@@CHARACTER_SET_RESULTS */;
/*!40101 SET @OLD_COLLATION_CONNECTION=@@COLLATION_CONNECTION */;
/*!50503 SET NAMES utf8 */;
/*!40103 SET @OLD_TIME_ZONE=@@TIME_ZONE */;
/*!40103 SET TIME_ZONE='+00:00' */;
/*!40014 SET @OLD_UNIQUE_CHECKS=@@UNIQUE_CHECKS, UNIQUE_CHECKS=0 */;
/*!40014 SET @OLD_FOREIGN_KEY_CHECKS=@@FOREIGN_KEY_CHECKS, FOREIGN_KEY_CHECKS=0 */;
/*!40101 SET @OLD_SQL_MODE=@@SQL_MODE, SQL_MODE='NO_AUTO_VALUE_ON_ZERO' */;
/*!40111 SET @OLD_SQL_NOTES=@@SQL_NOTES, SQL_NOTES=0 */;

--
-- Table structure for table `cliente`
--

DROP TABLE IF EXISTS `cliente`;
/*!40101 SET @saved_cs_client     = @@character_set_client */;
/*!50503 SET character_set_client = utf8mb4 */;
CREATE TABLE `cliente` (
  `codCliente` int NOT NULL AUTO_INCREMENT,
  `nomeCliente` varchar(18) NOT NULL DEFAULT '',
  `contacCliente` int NOT NULL DEFAULT '0',
  `emailCliente` varchar(20) NOT NULL DEFAULT '',
  `idCondicao` varchar(20) NOT NULL DEFAULT '0',
  `moradaCliente` varchar(60) NOT NULL DEFAULT '',
  `descontoHabitual` decimal(3,2) DEFAULT '0.00',
  `tabelaPreco` int DEFAULT NULL,
  PRIMARY KEY (`codCliente`),
  KEY `fk_idCondicao_idx` (`idCondicao`),
  CONSTRAINT `fk_idCondicao` FOREIGN KEY (`idCondicao`) REFERENCES `condicoespagamento` (`idCondi`)
) ENGINE=InnoDB AUTO_INCREMENT=11 DEFAULT CHARSET=utf8;
/*!40101 SET character_set_client = @saved_cs_client */;

--
-- Dumping data for table `cliente`
--

LOCK TABLES `cliente` WRITE;
/*!40000 ALTER TABLE `cliente` DISABLE KEYS */;
INSERT INTO `cliente` VALUES (8,'asdasd',1231,'asda','1','rua dali',NULL,NULL),(10,'Antonio',123,'test@test.com','2','avenida x',NULL,NULL);
/*!40000 ALTER TABLE `cliente` ENABLE KEYS */;
UNLOCK TABLES;

--
-- Table structure for table `condicoespagamento`
--

DROP TABLE IF EXISTS `condicoespagamento`;
/*!40101 SET @saved_cs_client     = @@character_set_client */;
/*!50503 SET character_set_client = utf8mb4 */;
CREATE TABLE `condicoespagamento` (
  `idCondi` varchar(20) NOT NULL,
  `nomeCondi` varchar(60) NOT NULL DEFAULT '',
  `nDiasCondi` bigint NOT NULL DEFAULT '0',
  `descontoCondi` float NOT NULL DEFAULT '0',
  PRIMARY KEY (`idCondi`)
) ENGINE=InnoDB DEFAULT CHARSET=utf8;
/*!40101 SET character_set_client = @saved_cs_client */;

--
-- Dumping data for table `condicoespagamento`
--

LOCK TABLES `condicoespagamento` WRITE;
/*!40000 ALTER TABLE `condicoespagamento` DISABLE KEYS */;
INSERT INTO `condicoespagamento` VALUES ('1','Pagamento a 15 dias',15,0.05),('2','Pagamento 30 dias',30,0.07),('90','PAGAMENTO A 90 DIAS',90,0.5);
/*!40000 ALTER TABLE `condicoespagamento` ENABLE KEYS */;
UNLOCK TABLES;

--
-- Table structure for table `doccab`
--

DROP TABLE IF EXISTS `doccab`;
/*!40101 SET @saved_cs_client     = @@character_set_client */;
/*!50503 SET character_set_client = utf8mb4 */;
CREATE TABLE `doccab` (
  `idCab` int NOT NULL,
  `codTipoDoc` int NOT NULL,
  `tipoDoc` varchar(10) NOT NULL,
  `codCliente` int NOT NULL,
  `nomeCliente` varchar(20) NOT NULL,
  `docNo` int NOT NULL,
  `Data` date NOT NULL,
  `dataVencimento` date NOT NULL DEFAULT '1900-01-01',
  `descontoComercial` decimal(3,2) DEFAULT '0.00',
  `totalLiquido` decimal(19,6) DEFAULT '0.000000',
  `totalIliquido` decimal(19,6) DEFAULT '0.000000',
  `totalDesconto` decimal(19,6) DEFAULT '0.000000',
  `totalDocumento` decimal(19,6) DEFAULT '0.000000',
  `valorTAB01IVA` decimal(19,6) DEFAULT '0.000000',
  `valorTAB02IVA` decimal(19,6) DEFAULT '0.000000',
  `valorTAB03IVA` decimal(19,6) DEFAULT '0.000000',
  `valorTAB04IVA` decimal(19,6) DEFAULT '0.000000',
  `anulado` tinyint(1) DEFAULT '0',
  PRIMARY KEY (`idCab`),
  KEY `codCliente_idx` (`codCliente`),
  KEY `codTipoDoc_idx` (`codTipoDoc`),
  KEY `nomeCliente_idx` (`nomeCliente`),
  KEY `tipoDoc_idx` (`tipoDoc`),
  CONSTRAINT `codCliente` FOREIGN KEY (`codCliente`) REFERENCES `cliente` (`codCliente`)
) ENGINE=InnoDB DEFAULT CHARSET=utf8;
/*!40101 SET character_set_client = @saved_cs_client */;

--
-- Dumping data for table `doccab`
--

LOCK TABLES `doccab` WRITE;
/*!40000 ALTER TABLE `doccab` DISABLE KEYS */;
INSERT INTO `doccab` VALUES (1,1,'FT',8,'asdasd',1,'2020-03-24','1900-01-01',0.00,0.000000,0.000000,0.000000,0.000000,0.000000,0.000000,0.000000,0.000000,1),(2,1,'FT',8,'asdasd',2,'2020-03-31','1900-01-01',0.00,0.000000,0.000000,0.000000,0.000000,0.000000,0.000000,0.000000,0.000000,0),(3,4,'FS',8,'a',1,'2020-04-29','1900-01-01',0.00,0.000000,0.000000,0.000000,0.000000,0.000000,0.000000,0.000000,0.000000,0),(4,2,'NC',10,'Antonio',1,'2020-04-02','2020-04-16',0.00,0.000000,0.000000,0.000000,0.000000,0.000000,0.000000,0.000000,0.000000,0),(5,1,'FT',10,'Antonio',3,'2020-04-09','2020-05-08',0.00,0.000000,0.000000,0.000000,0.000000,0.000000,0.000000,0.000000,0.000000,0),(6,1,'FT',10,'Antonio',4,'2020-04-13','2020-05-12',0.00,0.000000,0.000000,0.000000,0.000000,0.000000,0.000000,0.000000,0.000000,0),(7,2,'NC',10,'Antonio',2,'2020-04-13','2020-05-12',0.00,0.000000,0.000000,0.000000,0.000000,0.000000,0.000000,0.000000,0.000000,0),(8,2,'NC',10,'Antonio',3,'2020-04-13','2020-05-12',0.00,0.000000,0.000000,0.000000,0.000000,0.000000,0.000000,0.000000,0.000000,0),(9,1,'FT',10,'Antonio',5,'2020-04-13','2020-05-12',0.00,0.000000,0.000000,0.000000,0.000000,0.000000,0.000000,0.000000,0.000000,0),(10,2,'NC',10,'Antonio',4,'2020-04-13','2020-05-12',0.00,0.000000,0.000000,0.000000,0.000000,0.000000,0.000000,0.000000,0.000000,0),(11,3,'ND',10,'Antonio',1,'2020-04-13','2020-05-12',0.00,0.000000,0.000000,0.000000,0.000000,0.000000,0.000000,0.000000,0.000000,0),(12,2,'NC',10,'Antonio',5,'2020-04-13','2020-05-12',0.00,0.000000,0.000000,0.000000,0.000000,0.000000,0.000000,0.000000,0.000000,0),(13,1,'FT',10,'Antonio',6,'2020-04-13','2020-05-12',0.00,0.000000,0.000000,0.000000,0.000000,0.000000,0.000000,0.000000,0.000000,0),(14,3,'ND',10,'Antonio',2,'2020-04-13','2020-05-12',NULL,162.400000,230.000000,67.600000,172.550000,0.550000,9.600000,0.000000,0.000000,0);
/*!40000 ALTER TABLE `doccab` ENABLE KEYS */;
UNLOCK TABLES;

--
-- Table structure for table `doclin`
--

DROP TABLE IF EXISTS `doclin`;
/*!40101 SET @saved_cs_client     = @@character_set_client */;
/*!50503 SET character_set_client = utf8mb4 */;
CREATE TABLE `doclin` (
  `idLin` int NOT NULL,
  `idCab` int NOT NULL,
  `refProduto` varchar(18) NOT NULL,
  `descProduto` varchar(60) NOT NULL,
  `Quantidade` int NOT NULL,
  `precoUni` decimal(10,2) NOT NULL,
  `precoIliq` decimal(10,2) NOT NULL,
  `idTaxaIVAProd` int NOT NULL DEFAULT '0',
  `precoLiq` decimal(10,2) DEFAULT '0.00',
  `tabIVA` int DEFAULT '0',
  `taxaIVA` decimal(10,2) DEFAULT '0.00',
  `desconto` decimal(10,2) DEFAULT '0.00',
  PRIMARY KEY (`idLin`),
  KEY `idCab_idx` (`idCab`),
  KEY `refProduto_idx` (`refProduto`),
  KEY `descProduto_idx` (`descProduto`),
  CONSTRAINT `descProduto` FOREIGN KEY (`descProduto`) REFERENCES `produto` (`descProduto`),
  CONSTRAINT `refProduto` FOREIGN KEY (`refProduto`) REFERENCES `produto` (`refProduto`)
) ENGINE=InnoDB DEFAULT CHARSET=utf8;
/*!40101 SET character_set_client = @saved_cs_client */;

--
-- Dumping data for table `doclin`
--

LOCK TABLES `doclin` WRITE;
/*!40000 ALTER TABLE `doclin` DISABLE KEYS */;
INSERT INTO `doclin` VALUES (1,9,'1234','aguaUP',1,1.50,1.50,1,NULL,NULL,0.00,0.00),(2,9,'1234','aguaUP',2,1.50,3.00,1,NULL,NULL,0.00,0.00),(3,10,'1234','aguaUP',1,1.50,1.50,1,NULL,NULL,0.00,0.00),(4,10,'1234','aguaUP',2,1.50,3.00,1,NULL,NULL,0.00,0.00),(5,1,'1234','aguaUP',1,1.50,1.50,1,NULL,NULL,0.00,0.00),(6,4,'1234','aguaUP',2,1.50,3.00,1,NULL,NULL,0.00,0.00),(7,4,'256','Coca',1,10.00,10.00,1,NULL,NULL,0.00,0.00),(8,4,'1234','aguaUP',5,1.50,7.50,1,NULL,NULL,0.00,0.00),(9,13,'1234','aguaUP',2,1.50,3.00,0,2.40,1,23.00,20.00),(10,14,'1234','aguaUP',20,1.50,30.00,0,2.40,1,23.00,20.00),(11,14,'256','Coca',20,10.00,200.00,0,160.00,2,6.00,20.00);
/*!40000 ALTER TABLE `doclin` ENABLE KEYS */;
UNLOCK TABLES;

--
-- Table structure for table `fornecedor`
--

DROP TABLE IF EXISTS `fornecedor`;
/*!40101 SET @saved_cs_client     = @@character_set_client */;
/*!50503 SET character_set_client = utf8mb4 */;
CREATE TABLE `fornecedor` (
  `codForne` int NOT NULL AUTO_INCREMENT,
  `nomeForne` varchar(18) NOT NULL DEFAULT '',
  `contacForne` int NOT NULL DEFAULT '0',
  `emailForne` varchar(20) NOT NULL DEFAULT '',
  PRIMARY KEY (`codForne`)
) ENGINE=InnoDB AUTO_INCREMENT=4 DEFAULT CHARSET=utf8;
/*!40101 SET character_set_client = @saved_cs_client */;

--
-- Dumping data for table `fornecedor`
--

LOCK TABLES `fornecedor` WRITE;
/*!40000 ALTER TABLE `fornecedor` DISABLE KEYS */;
INSERT INTO `fornecedor` VALUES (1,'teste5',987654321,'test@fornecedor.com'),(3,'Joe',1233333,'joe@fornecedor.com');
/*!40000 ALTER TABLE `fornecedor` ENABLE KEYS */;
UNLOCK TABLES;

--
-- Table structure for table `produto`
--

DROP TABLE IF EXISTS `produto`;
/*!40101 SET @saved_cs_client     = @@character_set_client */;
/*!50503 SET character_set_client = utf8mb4 */;
CREATE TABLE `produto` (
  `refProduto` varchar(18) NOT NULL DEFAULT '',
  `descProduto` varchar(60) NOT NULL DEFAULT '',
  `unidadeProduto` varchar(4) NOT NULL DEFAULT '',
  `familiaProduto` varchar(18) NOT NULL DEFAULT '',
  `preco1Produto` decimal(18,2) DEFAULT '0.00',
  `preco2Produto` decimal(18,2) DEFAULT '0.00',
  `preco3Produto` decimal(18,2) DEFAULT '0.00',
  `ean13` varchar(13) NOT NULL,
  `idTaxaDeIva` int NOT NULL,
  PRIMARY KEY (`refProduto`),
  KEY `descProduto` (`descProduto`),
  KEY `fk_idTaxa_idx` (`idTaxaDeIva`),
  CONSTRAINT `fk_idTaxaIVA` FOREIGN KEY (`idTaxaDeIva`) REFERENCES `taxasiva` (`idTaxas`)
) ENGINE=InnoDB DEFAULT CHARSET=utf8;
/*!40101 SET character_set_client = @saved_cs_client */;

--
-- Dumping data for table `produto`
--

LOCK TABLES `produto` WRITE;
/*!40000 ALTER TABLE `produto` DISABLE KEYS */;
INSERT INTO `produto` VALUES ('1234','aguaUP','L','M',1.50,2.00,0.00,'1234',1),('256','Coca','G','D',10.00,7.50,2.00,'',2);
/*!40000 ALTER TABLE `produto` ENABLE KEYS */;
UNLOCK TABLES;

--
-- Table structure for table `taxasiva`
--

DROP TABLE IF EXISTS `taxasiva`;
/*!40101 SET @saved_cs_client     = @@character_set_client */;
/*!50503 SET character_set_client = utf8mb4 */;
CREATE TABLE `taxasiva` (
  `idTaxas` int NOT NULL,
  `codigoNumIVA` varchar(5) NOT NULL DEFAULT '00',
  `descricaoIVA` varchar(30) NOT NULL,
  `taxaIVA` decimal(5,2) NOT NULL,
  `regimeIVA` varchar(3) NOT NULL,
  PRIMARY KEY (`idTaxas`)
) ENGINE=InnoDB DEFAULT CHARSET=utf8;
/*!40101 SET character_set_client = @saved_cs_client */;

--
-- Dumping data for table `taxasiva`
--

LOCK TABLES `taxasiva` WRITE;
/*!40000 ALTER TABLE `taxasiva` DISABLE KEYS */;
INSERT INTO `taxasiva` VALUES (1,'01','IVA a 23%',23.00,'PT'),(2,'02','Taxa a 6%',6.00,'PT');
/*!40000 ALTER TABLE `taxasiva` ENABLE KEYS */;
UNLOCK TABLES;

--
-- Table structure for table `tiposdoc`
--

DROP TABLE IF EXISTS `tiposdoc`;
/*!40101 SET @saved_cs_client     = @@character_set_client */;
/*!50503 SET character_set_client = utf8mb4 */;
CREATE TABLE `tiposdoc` (
  `codTiposDoc` int NOT NULL AUTO_INCREMENT,
  `nomeTiposDoc` varchar(30) NOT NULL,
  `tipoDoc` varchar(10) NOT NULL,
  PRIMARY KEY (`codTiposDoc`),
  UNIQUE KEY `tipoDoc` (`tipoDoc`)
) ENGINE=InnoDB AUTO_INCREMENT=18 DEFAULT CHARSET=utf8;
/*!40101 SET character_set_client = @saved_cs_client */;

--
-- Dumping data for table `tiposdoc`
--

LOCK TABLES `tiposdoc` WRITE;
/*!40000 ALTER TABLE `tiposdoc` DISABLE KEYS */;
INSERT INTO `tiposdoc` VALUES (1,'Fatura','FT'),(2,'Nota de credito','NC'),(3,'Nota de debito','ND'),(4,'Fatura Simplificada','FS');
/*!40000 ALTER TABLE `tiposdoc` ENABLE KEYS */;
UNLOCK TABLES;

--
-- Table structure for table `utilizador`
--

DROP TABLE IF EXISTS `utilizador`;
/*!40101 SET @saved_cs_client     = @@character_set_client */;
/*!50503 SET character_set_client = utf8mb4 */;
CREATE TABLE `utilizador` (
  `codUtil` int NOT NULL AUTO_INCREMENT,
  `primeiroNome` varchar(18) NOT NULL,
  `ultimoNome` varchar(18) NOT NULL,
  `emailUtil` varchar(20) NOT NULL,
  `username` varchar(18) NOT NULL,
  `password` varchar(18) NOT NULL,
  PRIMARY KEY (`codUtil`),
  UNIQUE KEY `username_UNIQUE` (`username`)
) ENGINE=InnoDB AUTO_INCREMENT=3 DEFAULT CHARSET=utf8;
/*!40101 SET character_set_client = @saved_cs_client */;

--
-- Dumping data for table `utilizador`
--

LOCK TABLES `utilizador` WRITE;
/*!40000 ALTER TABLE `utilizador` DISABLE KEYS */;
INSERT INTO `utilizador` VALUES (1,'Admin','admin','admin@admin.com','admin','1234'),(2,'test1','teste','test@test.com','test','1234');
/*!40000 ALTER TABLE `utilizador` ENABLE KEYS */;
UNLOCK TABLES;
/*!40103 SET TIME_ZONE=@OLD_TIME_ZONE */;

/*!40101 SET SQL_MODE=@OLD_SQL_MODE */;
/*!40014 SET FOREIGN_KEY_CHECKS=@OLD_FOREIGN_KEY_CHECKS */;
/*!40014 SET UNIQUE_CHECKS=@OLD_UNIQUE_CHECKS */;
/*!40101 SET CHARACTER_SET_CLIENT=@OLD_CHARACTER_SET_CLIENT */;
/*!40101 SET CHARACTER_SET_RESULTS=@OLD_CHARACTER_SET_RESULTS */;
/*!40101 SET COLLATION_CONNECTION=@OLD_COLLATION_CONNECTION */;
/*!40111 SET SQL_NOTES=@OLD_SQL_NOTES */;

-- Dump completed on 2020-04-13 18:52:33
